00000000000000000100000e;[000000000000000000000001];000000000000000000000002;000000000000000000000001;hasInterest;;(1588077761880,9223372036854775807),(1531500000000,1631500000000)
000000000000000001000017;[000000000000000000000001];000000000000000000000006;000000000000000000000003;hasInterest;;(1588077761880,9223372036854775807),(1531500000000,1632500000000)
00000000000000000100000b;[000000000000000000000001];000000000000000000000000;000000000000000000000001;hasInterest;;(1588077761880,9223372036854775807),(1531500000000,1633500000000)
000000000000000001000007;[000000000000000000000001];000000000000000000000008;000000000000000000000003;hasInterest;;(1588077761880,9223372036854775807),(1531500000000,1634500000000)
00000000000000000100000f;[000000000000000000000001];000000000000000000000005;000000000000000000000006;hasModerator;;(1588077761880,9223372036854775807),(1531500000000,1635500000000)
00000000000000000100000d;[000000000000000000000001];000000000000000000000009;000000000000000000000000;hasModerator;;(1588077761880,9223372036854775807),(1531500000000,1636500000000)
000000000000000001000014;[000000000000000000000001];000000000000000000000008;000000000000000000000006;knows;2013;(1588077761880,9223372036854775807),(1531500000000,1637500000000)
000000000000000001000015;[000000000000000000000001];000000000000000000000000;000000000000000000000004;knows;2014;(1588077761880,9223372036854775807),(1531500000000,1638500000000)
000000000000000001000016;[000000000000000000000001];000000000000000000000002;000000000000000000000004;knows;2015;(1588077761880,9223372036854775807),(1531500000000,1639500000000)
000000000000000001000006;[000000000000000000000001];000000000000000000000007;000000000000000000000004;knows;2013;(1588077761880,1609459200000),(1531500000000,1630500000000)
000000000000000001000016;[000000000000000000000001];00000000000000000000000b;000000000000000000000004;knows;2013;(1609459200000,9223372036854775807),(1531500000000,1630500000000)
000000000000000001000008;[000000000000000000000001];000000000000000000000007;000000000000000000000006;knows;2014;(1588077761880,1609459200000),(1531500000000,1631500000000)
000000000000000001000017;[000000000000000000000001];00000000000000000000000b;000000000000000000000006;knows;2014;(1609459200000,9223372036854775807),(1531500000000,1631500000000)
000000000000000001000009;[000000000000000000000001];000000000000000000000004;000000000000000000000000;knows;2014;(1588077761880,9223372036854775807),(1531500000000,1632500000000)
00000000000000000100000a;[000000000000000000000001];000000000000000000000006;000000000000000000000007;knows;2014;(1588077761880,1609459200000),(1531500000000,1633500000000)
000000000000000001000018;[000000000000000000000001];000000000000000000000006;00000000000000000000000b;knows;2014;(1609459200000,9223372036854775807),(1531500000000,1633500000000)
00000000000000000100000c;[000000000000000000000001];000000000000000000000004;000000000000000000000007;knows;2013;(1588077761880,1609459200000),(1531500000000,1634500000000)
000000000000000001000019;[000000000000000000000001];000000000000000000000004;00000000000000000000000b;knows;2013;(1609459200000,9223372036854775807),(1531500000000,1634500000000)
000000000000000001000011;[000000000000000000000001];000000000000000000000008;000000000000000000000007;knows;2014;(1588077761880,1609459200000),(1531500000000,1635500000000)
00000000000000000100001a;[000000000000000000000001];000000000000000000000008;00000000000000000000000b;knows;2014;(1609459200000,9223372036854775807),(1531500000000,1635500000000)
000000000000000001000012;[000000000000000000000001];000000000000000000000002;000000000000000000000000;knows;2015;(1588077761880,9223372036854775807),(1531500000000,1636500000000)
000000000000000001000013;[000000000000000000000001];000000000000000000000009;000000000000000000000001;hasTag;;(1588077761880,9223372036854775807),(1531500000000,1637500000000)
000000000000000001000000;[000000000000000000000001];000000000000000000000005;000000000000000000000003;hasTag;;(1588077761880,9223372036854775807),(1531500000000,1638500000000)
000000000000000001000005;[000000000000000000000001];000000000000000000000009;00000000000000000000000a;hasTag;;(1588077761880,9223372036854775807),(1531500000000,1639500000000)
000000000000000001000010;[000000000000000000000001];000000000000000000000005;00000000000000000000000a;hasTag;;(1588077761880,9223372036854775807),(1531500000000,1630500000000)
000000000000000001000001;[000000000000000000000001];000000000000000000000009;000000000000000000000004;hasMember;;(1588077761880,9223372036854775807),(1531500000000,1631500000000)
000000000000000001000002;[000000000000000000000001];000000000000000000000005;000000000000000000000006;hasMember;;(1588077761880,9223372036854775807),(1531500000000,1632500000000)
000000000000000001000003;[000000000000000000000001];000000000000000000000005;000000000000000000000007;hasMember;;(1588077761880,1609459200000),(1531500000000,1633500000000)
00000000000000000100001b;[000000000000000000000001];000000000000000000000005;00000000000000000000000b;hasMember;;(1609459200000,9223372036854775807),(1531500000000,1633500000000)
000000000000000001000004;[000000000000000000000001];000000000000000000000009;000000000000000000000000;hasMember;;(1588077761880,9223372036854775807),(1531500000000,1634500000000)
